{"data_time": 0.055717832999995665, "eta_seconds": 25780.822155, "fast_rcnn/cls_accuracy": 0.001953125, "fast_rcnn/false_negative": 0.0, "fast_rcnn/fg_cls_accuracy": 0.1111111111111111, "iteration": 19, "loss_box_reg": 5.306478306010831e-05, "loss_cls": 2.3089163303375244, "loss_rpn_cls": 0.7791497111320496, "loss_rpn_loc": 0.1258547268807888, "lr": 1.9981e-05, "rank_data_time": 0.055717832999995665, "roi_head/num_bg_samples": 503.0, "roi_head/num_fg_samples": 9.0, "rpn/num_neg_anchors": 212.75, "rpn/num_pos_anchors": 43.25, "time": 13.02061725, "total_loss": 3.213494712004831}
{"data_time": 0.014213979500254936, "eta_seconds": 80691.71743908012, "fast_rcnn/cls_accuracy": 0.033203125, "fast_rcnn/false_negative": 0.05555555555555555, "fast_rcnn/fg_cls_accuracy": 0.1111111111111111, "iteration": 19, "loss_box_reg": 0.00019238612003391609, "loss_cls": 2.2964327335357666, "loss_rpn_cls": 1.4347438216209412, "loss_rpn_loc": 0.20847205817699432, "lr": 1.9981e-05, "rank_data_time": 0.014213979500254936, "roi_head/num_bg_samples": 503.0, "roi_head/num_fg_samples": 9.0, "rpn/num_neg_anchors": 208.5, "rpn/num_pos_anchors": 47.5, "time": 40.753392646000066, "total_loss": 3.8968925983353984}
{"data_time": 0.01285827100014103, "eta_seconds": 61608.0099250002, "fast_rcnn/cls_accuracy": 0.982421875, "fast_rcnn/false_negative": 1.0, "fast_rcnn/fg_cls_accuracy": 0.0, "iteration": 39, "loss_box_reg": 4.4717475248035043e-05, "loss_cls": 2.2918360233306885, "loss_rpn_cls": 0.7794532477855682, "loss_rpn_loc": 0.12745151668787003, "lr": 3.9961e-05, "rank_data_time": 0.01285827100014103, "roi_head/num_bg_samples": 503.0, "roi_head/num_fg_samples": 9.0, "rpn/num_neg_anchors": 211.5, "rpn/num_pos_anchors": 44.5, "time": 26.83108900000002, "total_loss": 3.1968949079036975}
{"data_time": 0.0161173539995616, "eta_seconds": 96263.8452564801, "fast_rcnn/cls_accuracy": 0.982421875, "fast_rcnn/false_negative": 1.0, "fast_rcnn/fg_cls_accuracy": 0.0, "iteration": 59, "loss_box_reg": 4.2894078433164395e-05, "loss_cls": 2.2792773246765137, "loss_rpn_cls": 0.7766274809837341, "loss_rpn_loc": 0.13930366188287735, "lr": 5.9940999999999994e-05, "rank_data_time": 0.0161173539995616, "roi_head/num_bg_samples": 503.0, "roi_head/num_fg_samples": 9.0, "rpn/num_neg_anchors": 208.0, "rpn/num_pos_anchors": 48.0, "time": 458.23221972950023, "total_loss": 3.199873690997265}
{"data_time": 0.06462631249996775, "eta_seconds": 921271.9517099998, "fast_rcnn/cls_accuracy": 0.001953125, "fast_rcnn/false_negative": 0.0, "fast_rcnn/fg_cls_accuracy": 0.1111111111111111, "iteration": 19, "loss_box_reg": 0.00031517187017016113, "loss_cls": 2.317051410675049, "loss_rpn_cls": 1.1991882920265198, "loss_rpn_loc": 0.1925126016139984, "lr": 1.9981e-05, "rank_data_time": 0.06462631249996775, "roi_head/num_bg_samples": 503.0, "roi_head/num_fg_samples": 9.0, "rpn/num_neg_anchors": 208.75, "rpn/num_pos_anchors": 47.25, "time": 465.28886449999993, "total_loss": 4.2563638037245255}
{"data_time": 0.0341891250000117, "eta_seconds": 462077.17474941, "fast_rcnn/cls_accuracy": 0.982421875, "fast_rcnn/false_negative": 1.0, "fast_rcnn/fg_cls_accuracy": 0.0, "iteration": 19, "loss_box_reg": 0.0036474036751314998, "loss_cls": 2.293557643890381, "loss_rpn_cls": 1.3547775745391846, "loss_rpn_loc": 0.2428537905216217, "lr": 1.9981e-05, "rank_data_time": 0.0341891250000117, "roi_head/num_bg_samples": 503.0, "roi_head/num_fg_samples": 9.0, "rpn/num_neg_anchors": 208.5, "rpn/num_pos_anchors": 47.5, "time": 233.37231047950002, "total_loss": 3.229954635944523}
